run_id,retro,hcxval,coverage_pmsy,coverage_fmsy,n_retro
0001-2024cpueExPrior_0-bspm_estF,0.00581323688294362,0.966121271922568,1,1,5
0002-2024cpueDepPrior_0-bspm_estF_softdep,-0.00501427066585514,0.862903720932678,1,1,5
0003-2024cpueFPrior_0-bspm_estF_softdep,-0.0255426370843792,0.778884329664638,1,1,5
0004-2024cpueShapePrior_0-bspm_estF_softdep,-0.0111906427562509,0.770227435251837,1,1,5
0005-2024cpueMVPrior_0-bspm_estF_softdep_mvprior,0.0241655791528038,0.886990409532272,1,1,5
0006-2024cpueEffortQeff_0-bspm_estq_softdep_mvprior,-0.0991922322098555,0.591761746640657,1,1,5
0007-au-c0.2-e0.3-s5_0-bspm_estq_softdep_mvprior,,,,,0
0008-nz-c0.2-e0.3-s5_0-bspm_estq_softdep_mvprior,,,,,0
0009-obs-c0.2-e0.3-s5_0-bspm_estq_softdep_mvprior,,,,,0
0010-obsNoPF-c0.2-e0.3-s5_0-bspm_estq_softdep_mvprior,,,,,0
0011-obsPFonly-c0.2-e0.3-s5_0-bspm_estq_softdep_mvprior,,,,,0
0012-dwfn-c0.1-e0.3-s2_0-bspm_estq_softdep_mvprior,,,,,0
0013-dwfn-c0.2-e0.3-s2_0-bspm_estq_softdep_mvprior,,,,,0
0014-dwfn-c0.4-e0.3-s2_0-bspm_estq_softdep_mvprior,,,,,0
0015-dwfn-c0.1-e0.5-s2_0-bspm_estq_softdep_mvprior,,,,,0
0016-dwfn-c0.2-e0.5-s2_0-bspm_estq_softdep_mvprior,,,,,0
0017-dwfn-c0.4-e0.5-s2_0-bspm_estq_softdep_mvprior,,,,,0
0018-dwfn-c0.1-e1-s2_0-bspm_estq_softdep_mvprior,,,,,0
0019-dwfn-c0.2-e1-s2_0-bspm_estq_softdep_mvprior,,,,,0
0020-dwfn-c0.4-e1-s2_0-bspm_estq_softdep_mvprior,,,,,0
0021-dwfn-c0.1-e2-s2_0-bspm_estq_softdep_mvprior,,,,,0
0022-dwfn-c0.2-e2-s2_0-bspm_estq_softdep_mvprior,,,,,0
0023-dwfn-c0.4-e2-s2_0-bspm_estq_softdep_mvprior,,,,,0
0024-dwfn-c0.1-e0.3-s5_0-bspm_estq_softdep_mvprior,,,,,0
0025-dwfn-c0.2-e0.3-s5_0-bspm_estq_softdep_mvprior,,,,,0
0026-dwfn-c0.4-e0.3-s5_0-bspm_estq_softdep_mvprior,,,,,0
0027-dwfn-c0.1-e0.5-s5_0-bspm_estq_softdep_mvprior,,,,,0
0028-dwfn-c0.2-e0.5-s5_0-bspm_estq_softdep_mvprior,,,,,0
0029-dwfn-c0.4-e0.5-s5_0-bspm_estq_softdep_mvprior,,,,,0
0030-dwfn-c0.1-e1-s5_0-bspm_estq_softdep_mvprior,,,,,0
0031-dwfn-c0.2-e1-s5_0-bspm_estq_softdep_mvprior,,,,,0
0032-dwfn-c0.4-e1-s5_0-bspm_estq_softdep_mvprior,,,,,0
0033-dwfn-c0.1-e2-s5_0-bspm_estq_softdep_mvprior,,,,,0
0034-dwfn-c0.2-e2-s5_0-bspm_estq_softdep_mvprior,,,,,0
0035-dwfn-c0.4-e2-s5_0-bspm_estq_softdep_mvprior,,,,,0
0036-dwfn-exeB-sy1952-cs0.2flat-e0.3-ss5reg_0-bspm_estq_softdep_mvprior,,,,,0
0037-dwfn-exeBF-sy1952-cs0.2flat-e0.3-ss5reg_0-bspm_estq_flex,,,,,0
0038-dwfn-exeBX-sy1952-cs0.2flat-e0.3-ss5reg_0-bspm_estq_softdep_mvprior_x0,,,,,0
0039-dwfn-exeBFX-sy1952-cs0.2flat-e0.3-ss5reg_0-bspm_estq_flex_x0,,,,,0
0040-dwfn-exeBF-sy1952-cs0.2DWflat-e0.3-ss5reg_0-bspm_estq_flex,,,,,0
0041-dwfn-exeBF-sy1952-cs0.2DWpower-e0.3-ss5reg_0-bspm_estq_flex,,,,,0
0042-dwfn-exeB-sy1952-cs0.2correct-e0.3-ss5reg_0-bspm_estq_softdep_mvprior,,,,,0
0043-dwfn-exeBX-sy1953-cs0.2flat-e0.3-ss5reg_0-bspm_estq_softdep_mvprior_x0,,,,,0
0044-dwfn-exeBX-sy1952-cs0.2DWNoProc-e0.5-ss5reg_0-bspm_estq_softdep_mvprior_x0,,,,,0
0045-dwfn-exeBX-sy1952-cs0.2DWNoProcOldlKPrior-e0.5-ss5reg_0-bspm_estq_softdep_mvprior_x0,,,,,0
0046-dwfn-exeBX-sy1952-cs0.2DWNoProcOldlKPrior-e0.3-ss5reg_0-bspm_estq_softdep_mvprior_x0,,,,,0
0047-dwfn-exeBX-sy1988-cs0.2flat-e0.3-ss5reg_0-bspm_estq_softdep_mvprior_x0,,,,,0
0048-dwfn-exeF-sy1952-cs0.2flat-e0.3-ss5reg-mvbase_0-bspm_estF_mvprior,,,,,0
0049-dwfn-exeF-sy1952-cs0.2flat-e0.3-ss5reg-sfalt_0-bspm_estF_mvprior,,,,,0
0050-dwfn-exeF-sy1952-cs0.2flat-e0.3-ss5reg-salt_0-bspm_estF_mvprior,,,,,0
0051-dwfn-exeF-sy1952-cs0.2flat-e0.3-ss5reg-salt-sfalt_0-bspm_estF_mvprior,,,,,0
0052-dwfn-exeB-sy1952-cs0.2flat-e0.3-ss5reg-qmf_0-bspm_estq_softdep_mvprior,,,,,0
0053-dwfn-exeB-sy1952-cs0.2flat-e0.3-ss5reg-salt_0-bspm_estq_softdep_mvprior,,,,,0
0054-dwfn-exeB-sy1952-cs0.2flat-e0.3-ss5reg-qmf-salt_0-bspm_estq_softdep_mvprior,,,,,0
0055-dwfn-exeBX-sy1988-cs0.2flat-e0.3-ss5reg-x0.7_0-bspm_estq_softdep_mvprior_x0,,,,,0
0056-dwfn-exeBX-sy1988-cs0.2flat-e0.3-ss5reg-x0.55_0-bspm_estq_softdep_mvprior_x0,,,,,0
0057-dwfn-exeBX-sy1988-cs0.2flat-e0.3-ss5reg-x0.85_0-bspm_estq_softdep_mvprior_x0,,,,,0
0058-dwfn-exeBX-sy1988-cs0.2flat-e0.3-ss5reg-salt-x0.7_0-bspm_estq_softdep_mvprior_x0,,,,,0
0059-dwfn-exeBX-sy1988-cs0.2flat-e0.3-ss5reg-qmf-x0.7_0-bspm_estq_softdep_mvprior_x0,,,,,0
0060-dwfn-exeBX-sy1988-cs0.2flat-e0.3-ss5reg-qmf-salt-x0.7_0-bspm_estq_softdep_mvprior_x0,,,,,0
0061-dwfn-c0.2-nb-qb-s1_0-bspm_estqsimple_softdep_mvprior_x0,,,,,0
0062-dwfn-c0.3-nb-qb-s1_0-bspm_estqsimple_softdep_mvprior_x0,,,,,0
0063-dwfn-c0.4-nb-qb-s1_0-bspm_estqsimple_softdep_mvprior_x0,,,,,0
0064-dwfn-c0.5-nb-qb-s1_0-bspm_estqsimple_softdep_mvprior_x0,,,,,0
0065-dwfn-c0.2-nb-qr-s1_0-bspm_estqsimple_softdep_mvprior_x0,,,,,0
0066-dwfn-c0.3-nb-qr-s1_0-bspm_estqsimple_softdep_mvprior_x0,,,,,0
0067-dwfn-exeSTT-c0.2-nb-qb-s1_0-bspm_estqsimple_softdep_mvprior_x0_stt,,,,,0
0068-dwfn-exeSTTGF-c0.2-nb-qb-s1_0-bspm_estqsimple_softdep_mvprior_x0_sttgamma_flexsigmaC,,,,,0
0069-dwfn-exeFSTTGF-c0.2-nb-qnewK-s1_0-bspm_estqsimple_softdep_fullmvprior_x0_sttgamma_flexsigmaC,,,,,0
0070-dwfn-exeqV2FSTTGF-c0.2-nb-qnewK-s1_0-bspm_estqsimpleV2_softdep_fullmvprior_x0_sttgamma_flexsigmaC,,,,,0
0071-au-exeFSTTGF-cf0.2-nb-qnewK-s1-o52b-o54b_0-bspm_estqsimple_softdep_fullmvprior_x0_sttgamma_flexsigmaC,,,,,0
0072-nz-exeFSTTGF-cf0.2-nb-qnewK-s1-o52b-o54b_0-bspm_estqsimple_softdep_fullmvprior_x0_sttgamma_flexsigmaC,,,,,0
0073-obs-exeFSTTGF-cf0.2-nb-qnewK-s1-o52b-o54b_0-bspm_estqsimple_softdep_fullmvprior_x0_sttgamma_flexsigmaC,,,,,0
0074-obsNoPF-exeFSTTGF-cf0.2-nb-qnewK-s1-o52b-o54b_0-bspm_estqsimple_softdep_fullmvprior_x0_sttgamma_flexsigmaC,,,,,0
0075-obsPFonly-exeFSTTGF-cf0.2-nb-qnewK-s1-o52b-o54b_0-bspm_estqsimple_softdep_fullmvprior_x0_sttgamma_flexsigmaC,,,,,0
0076-dwfn-exeFSTTGF-cp0.2-nb-qnewK-s1-o52b-o54b_0-bspm_estqsimple_softdep_fullmvprior_x0_sttgamma_flexsigmaC,,,,,0
0077-dwfn-exeFSTTGF-cf0.1-nb-qnewK-s1-o52b-o54b_0-bspm_estqsimple_softdep_fullmvprior_x0_sttgamma_flexsigmaC,,,,,0
0078-dwfn-exeFSTTGF-cp0.1-nb-qnewK-s1-o52b-o54b_0-bspm_estqsimple_softdep_fullmvprior_x0_sttgamma_flexsigmaC,,,,,0
0079-dwfn-exeFSTTGF-cf0.2-nb-qnewK-s1-o52ac-o54b_0-bspm_estqsimple_softdep_fullmvprior_x0_sttgamma_flexsigmaC,,,,,0
0080-dwfn-exeFSTTGF-cf0.2-nb-qnewK-s1-o52ae-o54b_0-bspm_estqsimple_softdep_fullmvprior_x0_sttgamma_flexsigmaC,,,,,0
0081-dwfn-exeFSTTGF-cf0.2-nb-qnewK-s1-o52b-o54ac_0-bspm_estqsimple_softdep_fullmvprior_x0_sttgamma_flexsigmaC,,,,,0
0082-dwfn-exeFSTTGF-cf0.2-nb-qnewK-s1-o52ac-o54ac_0-bspm_estqsimple_softdep_fullmvprior_x0_sttgamma_flexsigmaC,,,,,0
0083-dwfn-exeFSTTGF-cf0.2-nb-qnewK-s1-o52ae-o54ac_0-bspm_estqsimple_softdep_fullmvprior_x0_sttgamma_flexsigmaC,,,,,0
0084-dwfn-exeFSTTGF-cf0.2-nb-qb-s1-o52b-o54b_0-bspm_estqsimple_softdep_fullmvprior_x0_sttgamma_flexsigmaC,,,,,0
0085-dwfn-exeFSTTGF-cf0.2-nb-qr-s1-o52b-o54b_0-bspm_estqsimple_softdep_fullmvprior_x0_sttgamma_flexsigmaC,,,,,0
0086-dwfn-exeFSTTGF-cf0.2-nalt-qb-s1-o52b-o54b_0-bspm_estqsimple_softdep_fullmvprior_x0_sttgamma_flexsigmaC,,,,,0
0087-dwfn-exeFSTTGF-cf0.2-nalt-qr-s1-o52b-o54b_0-bspm_estqsimple_softdep_fullmvprior_x0_sttgamma_flexsigmaC,,,,,0
0088-dwfn-exeFSTTGF-cf0.2-nalt-qnewK-s1-o52b-o54b_0-bspm_estqsimple_softdep_fullmvprior_x0_sttgamma_flexsigmaC,,,,,0
0089-allnoObs-exeFSTTGF-cf0.2-nb-qnewK-s1-o52b-o54b_0-bspm_estqsimple_softdep_fullmvprior_x0_sttgamma_flexsigmaC,,,,,0
0090-allobs-exeFSTTGF-cf0.2-nb-qnewK-s1-o52b-o54b_0-bspm_estqsimple_softdep_fullmvprior_x0_sttgamma_flexsigmaC,,,,,0
0091-allnoPF-exeFSTTGF-cf0.2-nb-qnewK-s1-o52b-o54b_0-bspm_estqsimple_softdep_fullmvprior_x0_sttgamma_flexsigmaC,,,,,0
0092-allPFonly-exeFSTTGF-cf0.2-nb-qnewK-s1-o52b-o54b_0-bspm_estqsimple_softdep_fullmvprior_x0_sttgamma_flexsigmaC,,,,,0
0093-dwfn-exeFSTTGF-cf0.2-nb-qnewKX-s1-o52b-o54b_0-bspm_estqsimple_softdep_fullmvprior_x0_sttgamma_flexsigmaC,,,,,0
0094-au-exeFSTTGF-cf0.2-nb-qnewKX-s1-o52b-o54b_0-bspm_estqsimple_softdep_fullmvprior_x0_sttgamma_flexsigmaC,,,,,0
0095-obsNoPF-exeFSTTGF-cf0.2-nb-qnewKX-s1-o52b-o54b_0-bspm_estqsimple_softdep_fullmvprior_x0_sttgamma_flexsigmaC,,,,,0
0096-dwfn-exeFSTTGF-cf0.2-nalt-qnewKX-s1-o52b-o54b_0-bspm_estqsimple_softdep_fullmvprior_x0_sttgamma_flexsigmaC,,,,,0
0097-au-exeFSTTGF-cf0.2-nalt-qnewKX-s1-o52b-o54b_0-bspm_estqsimple_softdep_fullmvprior_x0_sttgamma_flexsigmaC,,,,,0
0098-obsNoPF-exeFSTTGF-cf0.2-nalt-qnewKX-s1-o52b-o54b_0-bspm_estqsimple_softdep_fullmvprior_x0_sttgamma_flexsigmaC,,,,,0
0099-dwfn-exeoFSTTGF-cf0.2-nb-qnewK-s1-o52b-o54b_0-bspm_estqsimple_softdep_fullmvprior_x0_sttgamma_flexsigmaC_OPT,,,,,0
0100-dwfn-exeoFSTTGF-cf0.2-nb-qnewK-s1-o52b-o54b_0-bspm_estqsimple_softdep_fullmvprior_x0_sttgamma_flexsigmaC_OPT,-0.087170591936537,0.587026654736681,1,1,5
0101-au-exeoFSTTGF-cf0.2-nb-qnewK-s1-o52b-o54b_0-bspm_estqsimple_softdep_fullmvprior_x0_sttgamma_flexsigmaC_OPT,-0.0983878920527384,1.14570883762965,1,1,5
0102-nz-exeoFSTTGF-cf0.2-nb-qnewK-s1-o52b-o54b_0-bspm_estqsimple_softdep_fullmvprior_x0_sttgamma_flexsigmaC_OPT,0.069215409523943,2.57738146431614,1,1,5
0103-obs-exeoFSTTGF-cf0.2-nb-qnewK-s1-o52b-o54b_0-bspm_estqsimple_softdep_fullmvprior_x0_sttgamma_flexsigmaC_OPT,-0.0108155803698378,0.490744974583874,1,1,5
0104-obsNoPF-exeoFSTTGF-cf0.2-nb-qnewK-s1-o52b-o54b_0-bspm_estqsimple_softdep_fullmvprior_x0_sttgamma_flexsigmaC_OPT,0.00668425648003936,0.902815450761212,1,1,5
0105-dwfn-exeoFSTTGF-cf0.2-nalt-qnewK-s1-o52b-o54b_0-bspm_estqsimple_softdep_fullmvprior_x0_sttgamma_flexsigmaC_OPT,-0.0986774135881582,0.566080535215778,1,1,5
0106-au-exeoFSTTGF-cf0.2-nalt-qnewK-s1-o52b-o54b_0-bspm_estqsimple_softdep_fullmvprior_x0_sttgamma_flexsigmaC_OPT,-0.066220983200768,1.12275560457059,1,1,5
0107-nz-exeoFSTTGF-cf0.2-nalt-qnewK-s1-o52b-o54b_0-bspm_estqsimple_softdep_fullmvprior_x0_sttgamma_flexsigmaC_OPT,0.0866543317050457,2.57925481358835,1,1,5
0108-obs-exeoFSTTGF-cf0.2-nalt-qnewK-s1-o52b-o54b_0-bspm_estqsimple_softdep_fullmvprior_x0_sttgamma_flexsigmaC_OPT,-0.00128258958924585,0.487535987649944,1,1,5
0109-obsNoPF-exeoFSTTGF-cf0.2-nalt-qnewK-s1-o52b-o54b_0-bspm_estqsimple_softdep_fullmvprior_x0_sttgamma_flexsigmaC_OPT,0.00441247345269798,0.887609363953498,1,1,5
0110-dwfn-exeoFLNF-cf0.2-nb-qnewK-s1-o52b-o54b-cmb-sPb-sy1952.10-sEn_0-bspm_estqsimple_softdep_fullmvprior_x0_LN_flexsigmaC_OPT,,,,,0
0111-dwfn-exeoFSTTGF-cf0.2-nb-qnewK-s2-o52b-o54b-cmb-sPb-sy1952.10-sEn_0-bspm_estqsimple_softdep_fullmvprior_x0_sttgamma_flexsigmaC_OPT,,,,,0
0112-dwfn-exeoFSTTGF-cf0.2-nb-qnewK-s3-o52b-o54b-cmb-sPb-sy1952.10-sEn_0-bspm_estqsimple_softdep_fullmvprior_x0_sttgamma_flexsigmaC_OPT,,,,,0
0113-dwfn-exeoFSTTGF-cf0.2-nb-qnewK-s5-o52b-o54b-cmb-sPb-sy1952.10-sEn_0-bspm_estqsimple_softdep_fullmvprior_x0_sttgamma_flexsigmaC_OPT,,,,,0
0114-dwfn-exeoFSTTGF-cf0.2-nb-qnewK-s10-o52b-o54b-cmb-sPb-sy1952.10-sEn_0-bspm_estqsimple_softdep_fullmvprior_x0_sttgamma_flexsigmaC_OPT,,,,,0
0115-dwfn-exeoFSTTGF-cf0.2-nb-qnewK-s1-o52b-o54b-cm2x-sPb-sy1952.10-sEn_0-bspm_estqsimple_softdep_fullmvprior_x0_sttgamma_flexsigmaC_OPT,,,,,0
0116-dwfn-exeoFSTTGF-cf0.2-nb-qnewK-s1-o52b-o54b-cm2xt-sPb-sy1952.10-sEn_0-bspm_estqsimple_softdep_fullmvprior_x0_sttgamma_flexsigmaC_OPT,,,,,0
0117-dwfn-exeoFSTTGF-cf0.2-nb-qnewK-s1-o52b-o54b-cm2xtr-sPb-sy1952.10-sEn_0-bspm_estqsimple_softdep_fullmvprior_x0_sttgamma_flexsigmaC_OPT,,,,,0
0118-dwfn-exeoFSTTGF-cf0.2-nb-qnewK-s1-o52b-o54b-cmb-sP0-sy1952.10-sEn_0-bspm_estqsimple_softdep_fullmvprior_x0_sttgamma_flexsigmaC_OPT,,,,,0
0119-dwfn-exeoFSTTGF-cf0.2-nb-qnewK-s1-o52b-o54b-cmb-sPb-sy1955.09-sEn_0-bspm_estqsimple_softdep_fullmvprior_x0_sttgamma_flexsigmaC_OPT,,,,,0
0120-dwfn-exeoFSTTGF-cf0.2-nb-qnewK-s1-o52b-o54b-cmb-sPb-sy1988.05-sEn_0-bspm_estqsimple_softdep_fullmvprior_x0_sttgamma_flexsigmaC_OPT,,,,,0
0121-dwfn-exeoFSTTGF-cf0.2-nb-qnewK-s1-o52b-o54b-cmb-sPb-sy1988.07-sEn_0-bspm_estqsimple_softdep_fullmvprior_x0_sttgamma_flexsigmaC_OPT,,,,,0
0122-dwfn-exeoFSTTGF-cf0.2-nb-qnewK-s1-o52b-o54b-cmb-sPb-sy1988.09-sEn_0-bspm_estqsimple_softdep_fullmvprior_x0_sttgamma_flexsigmaC_OPT,,,,,0
0123-dwfn-exeoFLNFe-cf0.2-nb-qnewK-s2-o52b-o54b-cmb-sPb-sy1952.10-sEn_0-bspm_estq_softdep_fullmvprior_x0_LN_flexsigmaC_OPT,,,,,0
0124-dwfn-exeoFSTTGFe-cf0.2-nb-qnewK-s2-o52b-o54b-cmb-sPb-sy1952.10-sEn_0-bspm_estq_softdep_fullmvprior_x0_sttgamma_flexsigmaC_OPT,,,,,0
0125-dwfn-exeoFLNFe-cf0.2-nb-qnewK-s5-o52b-o54b-cmb-sPb-sy1952.10-sEn_0-bspm_estq_softdep_fullmvprior_x0_LN_flexsigmaC_OPT,,,,,0
0126-dwfn-exeoFSTTGFe-cf0.2-nb-qnewK-s5-o52b-o54b-cmb-sPb-sy1952.10-sEn_0-bspm_estq_softdep_fullmvprior_x0_sttgamma_flexsigmaC_OPT,,,,,0
0127-dwfn-exeoFSTTGFestF-cf0.2-nb-qnewK-s1-o52b-o54b-cmb-sPb-sy1952.10-sEn_0-bspm_estF_softdep_mvprior_x0_sttgamma_flexsigmaC_OPT,,,,,0
0128-dwfn-exeoFSTTGFestF-cf0.2-nb-qasF-s1-o52b-o54b-cmb-sPb-sy1952.10-sEn_0-bspm_estF_softdep_mvprior_x0_sttgamma_flexsigmaC_OPT,,,,,0
