run_id,exec,run_label,run_number,run_name,run_retro,run_time_total,run_time_avg,n_par,low_bfmi,divergent,treedepth,max_rhat,min_neff,prop_rhat_105,prop_rhat_101,prop_neff_01,prop_neff_400,n_obs,looic,p_loo,elpd_loo,prop_pareto_k,total_ll,catch_ll,index_ll_1,index_ll_2,index_ll_3,index_ll_4,median_rmse,median_catch_rmse,median_index_rmse,index_rmse_1,index_rmse_2,index_rmse_3,index_rmse_4,logK,r,sigmao,sigmap,shape,msy-p0.5,Dmsy-p0.5,Pmsy-p0.5,Umsy-p0.5,Fmsy-p0.5,initial_population-p0.5,initial_depletion-p0.5,initial_U-p0.5,initial_F-p0.5,latest_population-p0.5,latest_depletion-p0.5,latest_U-p0.5,latest_F-p0.5,latest_P_Pmsy-p0.5,latest_D_Dmsy-p0.5,latest_U_Umsy-p0.5,latest_F_Fmsy-p0.5,recent_P_Pmsy-p0.5,recent_D_Dmsy-p0.5,recent_U_Umsy-p0.5,recent_F_Fmsy-p0.5,PriorMean_logK,PriorMean_logr,PriorMean_logshape,PriorMean_logsigmap,PriorMean_logsigmao,PriorSD_logK,PriorSD_logr,PriorSD_logshape,PriorSD_logsigmap,PriorSD_logsigmao,PriorMin_logk,PriorMax_logk,PriorSD_sigmaf,PriorSD_sigmao_add
0001-2024cpueExPrior_0-bspm_estF,bspm_estF,0001-2024cpueExPrior_0,0001-2024cpueExPrior,0,0,134.645,116.5238,147,0,0,0,1.00884004716085,0.723969620973639,1,1,0,1,114,1458.61164706384,47.2084991263488,-729.305823531919,0.535087719298246,-345.015375292347,,-692.504963363726,-1.62577440423903,-1.62577440423903,,0.28049273515968,,,0.28049273515968,0.28049273515968,,,13.825655002411,0.274228925534883,0.267942003694931,0.0654706132939645,1.96544369129841,67408.2378148115,0.496632916338909,499954.7835374,0.137114462767442,0.147473238443175,1010118.52587715,0.998683348723544,0.000668016941144129,0.000668240163890235,825869.05851146,0.831404560042604,0.000776405449385635,0.000776707009521413,1.67695749903502,1.67695749903502,0.00572776947682765,0.00528246509854479,1.60994011020829,1.60994011020829,0.201397535438343,0.18901169040494,13.8633826342304,-0.673608682971451,0.693147180559945,-2.9311037,,0.456389088374683,0.457669490048041,0.1,0.2661089,,,,0.025,0.2
0002-2024cpueDepPrior_0-bspm_estF_softdep,bspm_estF_softdep,0002-2024cpueDepPrior_0,0002-2024cpueDepPrior,0,0,136.75,127.7452,147,0,0,0,1.00864809498729,0.674040092332321,1,1,0,1,114,1462.9944222911,50.8455573703682,-731.497211145549,0.491228070175439,-345.818210531545,,-692.995032513724,0.0239905357803324,0.0239905357803324,,0.269598135425207,,,0.269598135425207,0.269598135425207,,,13.6975084677472,0.227768437998257,0.260125475674221,0.0665703679966942,1.95503510429064,48964.2557434949,0.49560686418314,439351.869060663,0.113884218999129,0.12090765867337,888928.974095991,1.00004481202271,0.000759651226454574,0.000759939908496012,641589.897743764,0.732843855624429,0.000967355675895725,0.000967823866774664,1.4765613593812,1.4765613593812,0.00884201529336274,0.00830199312934328,1.42141032090805,1.42141032090805,0.320675991312063,0.306369151881872,13.8633826342304,-0.673608682971451,0.693147180559945,-2.9311037,,0.456389088374683,0.457669490048041,0.1,0.2661089,,,,0.025,0.2
0003-2024cpueFPrior_0-bspm_estF_softdep,bspm_estF_softdep,0003-2024cpueFPrior_0,0003-2024cpueFPrior,0,0,112.669,90.277,147,0,0,0,1.00754589147823,0.728314722483403,1,1,0,1,114,1458.19154553498,49.2171593269662,-729.095772767492,0.570175438596491,-344.702940131626,,-692.653058729133,0.837224416476876,0.837224416476876,,0.264571407748555,,,0.264571407748555,0.264571407748555,,,13.2989480730457,0.234336079247997,0.25768070074071,0.0606989185450804,1.97359834125769,33007.9027055903,0.497432911103925,296845.701783064,0.117168039623999,0.124620406934667,595443.215854461,0.999973015853815,0.00109599960396648,0.00109660065183575,362965.244016404,0.617900466574296,0.00168799817552323,0.00168942444991978,1.23606591171732,1.23606591171732,0.0150997455839365,0.014166315908431,1.18734668700692,1.18734668700692,0.556929997154801,0.541691788611143,13.8633826342304,-0.673608682971451,0.693147180559945,-2.9311037,,0.456389088374683,0.457669490048041,0.1,0.2661089,,,,0.047263287264325,0.2
0004-2024cpueShapePrior_0-bspm_estF_softdep,bspm_estF_softdep,0004-2024cpueShapePrior_0,0004-2024cpueShapePrior,0,0,131.405,107.1228,147,0,0,0,1.00914547401162,0.646831748525747,1,1,0,1,114,1458.7815687399,49.1720349179714,-729.39078436995,0.570175438596491,-342.692317637519,,-693.00704857886,0.508210015656414,0.508210015656414,,0.265982461239377,,,0.265982461239377,0.265982461239377,,,13.4790166657476,0.302688090181408,0.257241864464541,0.0620806632994045,0.967107712008498,37343.0449211122,0.36174493430122,253476.1669004,0.151344045090704,0.164101448355016,708640.951806793,0.998318762198525,0.000958917375789657,0.000959377431577966,408739.914972893,0.593097378802015,0.00151325081117417,0.00151439693218097,1.65534962567797,1.65534962567797,0.0098053348187346,0.00902320243505502,1.59453744764308,1.59453744764308,0.365243830661934,0.346959526930399,13.8633826342304,-0.673608682971451,0.323744220720267,-2.9311037,,0.456389088374683,0.457669490048041,0.457336028212382,0.2661089,,,,0.047263287264325,0.2
0005-2024cpueMVPrior_0-bspm_estF_softdep_mvprior,bspm_estF_softdep_mvprior,0005-2024cpueMVPrior_0,0005-2024cpueMVPrior,0,0,123.598,104.5284,147,0,0,0,1.00999409347715,0.709813744294888,1,1,0,1,114,1460.52437057205,50.1507488904789,-730.262185286025,0.56140350877193,-345.901867651788,,-693.245445465362,0.657409217910088,0.657409217910088,,0.264867254439164,,,0.264867254439164,0.264867254439164,,,13.2492185423198,0.309148017023898,0.255362256489751,0.0650412583088179,1.77044505641838,39987.2910321423,0.476432074112226,269836.435689459,0.154574008511949,0.167914650941865,565326.535868717,0.99805425153332,0.00119514565920694,0.00119586041533275,383217.394597296,0.684019946161437,0.00166201743048911,0.0016634001137352,1.44737046062426,1.44737046062426,0.010759716681497,0.00986117624924489,1.38312112194015,1.38312112194015,0.400294141984436,0.378713661621483,,,,-2.9311037,,,,,0.2661089,,,,0.047263287264325,0.2
0006-2024cpueEffortQeff_0-bspm_estq_softdep_mvprior,bspm_estq_softdep_mvprior,0006-2024cpueEffortQeff_0,0006-2024cpueEffortQeff,0,0,540.976,408.6828,163,0,0,0,1.00857944558516,0.71347678598443,1,1,0,1,114,1463.9928581176,53.7295659732534,-731.996429058802,0.649122807017544,-693.029677248022,-697.075267549124,3.97477090613032,3.97477090613032,,,,0.211728946478222,0.243058876384605,0.243058876384605,0.243058876384605,,,12.7940743868969,0.394458815780315,0.238024082679024,0.0716252620457919,1.42302907030437,29325.0592349496,0.43432750426534,158995.846118011,0.197229407890157,0.219686295171019,348422.016473404,0.977580654319382,0.00344762234097551,0.00345357908596624,146725.70775424,0.416321889690742,0.128090780041695,0.13706997181292,0.961238491388382,0.961238491388382,0.65433333432885,0.629967940779547,0.927724312180089,0.927724312180089,0.703899524941398,0.67518447998572,,,,-2.9311037,,,,,0.2661089,,,,,0.2
0007-au-c0.2-e0.3-s5_0-bspm_estq_softdep_mvprior,bspm_estq_softdep_mvprior,0007-au-c0.2-e0.3-s5_0,0007-au-c0.2-e0.3-s5,0,0,592.125,470.9166,163,0,0,0,1.00718675332081,0.746713841628043,1,1,0,1,95,1420.37527943658,55.774693043496,-710.18763971829,0.526315789473684,-669.263802742368,-697.19044815293,-250.356266969469,28.1589316558086,-714.561540762148,24.1048811744047,,0.212756045541347,0.0826869585280091,0.311537562209894,0.0826869585280091,0.391691941775933,0.0791976248259692,13.5477502990059,0.421756675671418,0.0797559270403325,0.0649371673552553,1.38940586291912,68674.9625096475,0.429746828500301,338685.843165759,0.210878337835709,0.236434002821249,763911.389393779,0.982147958345083,0.00158103496575024,0.00158228612859235,650158.194564897,0.838195994061852,0.0311119954895705,0.0316062611369325,1.87686547953787,1.87686547953787,0.147280475406455,0.131631773963589,1.78335263385934,1.78335263385934,0.163224094485751,0.148646660377741,,,,-2.9311037,,,,,0.2661089,,,,,0.2
0008-nz-c0.2-e0.3-s5_0-bspm_estq_softdep_mvprior,bspm_estq_softdep_mvprior,0008-nz-c0.2-e0.3-s5_0,0008-nz-c0.2-e0.3-s5,0,0,910.747,533.335,163,0,0,0,1.01131152336986,0.516817219953249,1,0.993865030674847,0,1,118,1483.60538105691,58.0410000987527,-741.802690528454,0.677966101694915,-699.909637815162,-696.752839187084,-7.38595227840308,-0.939026895013408,-3.14603862251533,0.341461595617298,,0.212651846939756,0.291486163293942,0.321919783099998,0.230249610902094,0.291486163293942,0.224819225390369,12.6348576728851,0.526434737618141,0.318195067190741,0.0922554358274425,1.11238920004056,29722.5387849209,0.38763533313397,120426.279551699,0.263217368809071,0.305462382101654,296223.219045713,0.970596983732963,0.00396520841883441,0.00397309070632428,101018.571807896,0.337245100554874,0.17383007474087,0.190954809875421,0.888903421019561,0.888903421019561,0.652487256380072,0.606622510336609,0.853932148321359,0.853932148321359,0.708783151597742,0.671403402758382,,,,-2.9311037,,,,,0.2661089,,,,,0.2
0009-obs-c0.2-e0.3-s5_0-bspm_estq_softdep_mvprior,bspm_estq_softdep_mvprior,0009-obs-c0.2-e0.3-s5_0,0009-obs-c0.2-e0.3-s5,0,0,641.012,499.251,163,0,0,0,1.0083980390864,0.71605138118875,1,1,0,1,92,1420.5865646636,45.8711661689536,-710.293282331802,0.532608695652174,-675.480515597013,-697.038693675238,-68.3388253202978,16.0550568766019,-214.177906822555,21.6465637056191,,0.211739675149748,0.0649043069966576,0.328078816112936,0.134303719048656,0.406102356861937,0.0649043069966576,14.2301190773225,0.550365401143547,0.135899542827342,0.0455380573817552,1.25279848995882,171136.156296966,0.410023952853392,616498.774282138,0.275182700571773,0.319614166752353,1501766.85151533,0.990761612198743,0.000787367984775411,0.000787678121821515,1464165.40446845,0.939801324642486,0.0141302055372045,0.0142309874053241,2.276065486819,2.276065486819,0.0501753653117856,0.041715644990639,2.267740198592,2.267740198592,0.0504043654766032,0.0416352792040858,,,,-2.9311037,,,,,0.2661089,,,,,0.2
0010-dwfn-c0.1-e0.3-s2_0-bspm_estq_softdep_mvprior,bspm_estq_softdep_mvprior,0010-dwfn-c0.1-e0.3-s2_0,0010-dwfn-c0.1-e0.3-s2,0,0,830.576,804.0052,184,0,0.001,0,1.00664958788014,0.661616957356312,1,1,0,1,114,1376.65277509986,58.8092042193385,-688.326387549928,0.517543859649123,-643.82749029351,-647.238170391261,3.35135238710694,5.85686170687682,-44.2553188607096,6.96614034410331,,0.105545238955335,0.246817052266264,0.246817052266264,0.177202857567418,0.385425001773228,0.159208791057513,12.7832173125733,0.38374853795528,0.240256339461447,0.0695214196981221,1.49385970778602,28735.1173811022,0.443655519808299,158780.544326514,0.19187426897764,0.213037641410498,349627.455690011,0.987108220746819,0.00219912863368005,0.002201550268168,152936.865796644,0.439470576415751,0.121818736901308,0.129902257132783,0.997766180490032,0.997766180490032,0.658907589453141,0.631412694629072,0.956616912922881,0.956616912922881,0.685928585230979,0.660040541989727,,,,-2.9311037,,,,,0.2661089,,,,,0.2
0011-dwfn-c0.2-e0.3-s2_0-bspm_estq_softdep_mvprior,bspm_estq_softdep_mvprior,0011-dwfn-c0.2-e0.3-s2_0,0011-dwfn-c0.2-e0.3-s2,0,0,465.039,437.9782,184,0,0.001,0,1.00794774906619,0.712256776195436,1,1,0,1,114,1456.57715340564,49.8890084715629,-728.28857670282,0.68421052631579,-692.218119106767,-695.291847931224,2.98457171935188,5.90724579578587,-44.6679053443146,6.92128576470596,,0.206211640232837,0.249260215526762,0.249260215526762,0.1772220041121,0.38477041145758,0.159845932434694,12.7453854515905,0.40547053450199,0.239767865652375,0.0634738095678825,1.39334476717927,28955.8451175076,0.430287840410765,149245.413086419,0.202735267250995,0.226568513022855,340992.861445087,0.990052472665565,0.00325457956116171,0.00325988722869294,140743.253141758,0.416542309713305,0.129183942250642,0.138324514582877,0.975110950721874,0.975110950721874,0.657687554322048,0.627107544700404,0.935561117819578,0.935561117819578,0.696346276673903,0.670055995000034,,,,-2.9311037,,,,,0.2661089,,,,,0.2
0012-dwfn-c0.4-e0.3-s2_0-bspm_estq_softdep_mvprior,bspm_estq_softdep_mvprior,0012-dwfn-c0.4-e0.3-s2_0,0012-dwfn-c0.4-e0.3-s2,0,0,332.731,267.2,184,0,0,0,1.00783929759208,0.70671341414988,1,1,0,1,114,1501.76631623228,28.1344616386172,-750.883158116138,0.947368421052632,-732.659041129036,-735.863406891455,3.10579201118179,5.19596709892766,-44.8525291223507,6.36678508626604,,0.376094804497546,0.248799966359856,0.248799966359856,0.184584479039492,0.387905100004313,0.16961121035821,12.7847954478211,0.42975840043144,0.240839332070836,0.0571634612959138,1.350481752094,31575.1021782348,0.424313981233666,150433.55817722,0.21487920021572,0.241917697068952,354489.977735744,0.993460880847779,0.00592241914239933,0.00594002621926433,146053.456555618,0.409779989733374,0.130098280778555,0.139375040131473,0.968121920515198,0.968121920515198,0.618905552550412,0.586103990726815,0.931070198328023,0.931070198328023,0.690498799061714,0.661816557245409,,,,-2.9311037,,,,,0.2661089,,,,,0.2
0013-dwfn-c0.1-e0.5-s2_0-bspm_estq_softdep_mvprior,bspm_estq_softdep_mvprior,0013-dwfn-c0.1-e0.5-s2_0,0013-dwfn-c0.1-e0.5-s2,0,0,1058.424,1003.8816,184,0,0,0,1.00738063581875,0.694929169663214,1,1,0,1,114,1372.68284479043,56.3253905635614,-686.341422395217,0.517543859649123,-643.500072303591,-646.154543174751,2.55626106926884,5.7614108974045,-42.8839941888457,6.90036086660109,,0.105346841494056,0.250788038835934,0.250788038835934,0.174048204781198,0.38711184704828,0.157059916052108,12.7354076115052,0.398982745293463,0.244850197618294,0.0629792221200765,1.45456131284394,28264.4690283094,0.438532657853466,146051.697462248,0.199491372646731,0.222507970787014,339251.637131406,0.996145582665093,0.00206260270744352,0.00206473280316452,138745.381215275,0.416216540700843,0.135141944481598,0.145189883194558,0.95125992483185,0.95125992483185,0.690946380419911,0.665298579583292,0.91977525571569,0.91977525571569,0.706649152161839,0.678199481351803,,,,-2.9311037,,,,,0.2661089,,,,,0.2
0014-dwfn-c0.2-e0.5-s2_0-bspm_estq_softdep_mvprior,bspm_estq_softdep_mvprior,0014-dwfn-c0.2-e0.5-s2_0,0014-dwfn-c0.2-e0.5-s2,0,0,534.289,512.3948,184,0,0.004,0,1.00894365126947,0.644741000866888,1,1,0,1,114,1457.44632835119,51.6600180608146,-728.723164175597,0.587719298245614,-690.075099571531,-693.319251549206,2.99713037621882,5.44625244898366,-44.1298227357943,6.55350308799598,,0.210111126771089,0.249706832697162,0.249706832697162,0.181511252722529,0.386381425039622,0.163455450719359,12.7121598387311,0.42402547652449,0.242746528435093,0.0599124319632261,1.36817848589938,29108.1668813217,0.426801741538287,140179.439076064,0.212012738262245,0.23827336138435,327501.734762549,0.995894813412195,0.00252653864492541,0.00252973572988899,132384.932192265,0.400082918118831,0.141938301885246,0.153079275218008,0.957295349754543,0.957295349754543,0.66726255841736,0.637307905051411,0.922405908919686,0.922405908919686,0.700859622077619,0.67449778075459,,,,-2.9311037,,,,,0.2661089,,,,,0.2
0015-dwfn-c0.4-e0.5-s2_0-bspm_estq_softdep_mvprior,bspm_estq_softdep_mvprior,0015-dwfn-c0.4-e0.5-s2_0,0015-dwfn-c0.4-e0.5-s2,0,0,404.94,349.3646,184,0,0.001,0,1.00631896076869,0.762465179378884,1,1,0,1,114,1512.61734993272,35.3060747602092,-756.308674966361,0.780701754385965,-731.894636427639,-736.335596479602,4.23804313082021,4.845407959124,-46.7181447181282,5.98720541042679,,0.413764005660404,0.241527998705963,0.241527998705963,0.191659704270399,0.388777105909558,0.17503566617991,12.7327599330324,0.483720654722473,0.236266034439336,0.0568612478301952,1.24252676973441,32469.2605573875,0.408463424401033,137534.999611219,0.241860327361236,0.276279565252907,338390.035813076,0.997733094695364,0.00399013789132974,0.00399811974658498,136517.112027425,0.402045280495234,0.145782098711197,0.157568968486766,0.991610919359217,0.991610919359217,0.61678455755463,0.580158297360443,0.953276444750378,0.953276444750378,0.655880367217898,0.62452135455427,,,,-2.9311037,,,,,0.2661089,,,,,0.2
0016-dwfn-c0.1-e0.3-s3_0-bspm_estq_softdep_mvprior,bspm_estq_softdep_mvprior,0016-dwfn-c0.1-e0.3-s3_0,0016-dwfn-c0.1-e0.3-s3,0,0,1376,996.1186,173,0,0.003,0,1.00680565894702,0.789830037168409,1,1,0,1,114,1378.26005571218,61.3629957194182,-689.13002785609,0.56140350877193,-643.135416090456,-648.108886498703,4.88426060120783,5.5597874034372,-46.2425419398806,6.81239190937166,,0.108890986606019,0.237765776195838,0.237765776195838,0.18890882899895,0.376363945382157,0.168417098597119,12.775757308759,0.40814368052612,0.230708548552521,0.0814961858311333,1.28242903760225,28683.8830121966,0.414462267428559,145355.979903569,0.20407184026306,0.228246355882321,347665.048784855,0.979093328550394,0.00226630005172468,0.00226887199673192,133335.696748657,0.38802101885882,0.139154748199346,0.149840527884577,0.942825238348519,0.94282523834852,0.679462261437731,0.653086728516642,0.901759224191886,0.901759224191886,0.713033266039859,0.684057599716769,,,,-2.9311037,,,,,0.2661089,,,,,0.2
0017-dwfn-c0.2-e0.3-s3_0-bspm_estq_softdep_mvprior,bspm_estq_softdep_mvprior,0017-dwfn-c0.2-e0.3-s3_0,0017-dwfn-c0.2-e0.3-s3,0,0,668.245,487.5804,173,0,0,0,1.00807147351655,0.66092967627388,1,1,0,1,114,1468.28781555846,54.3202799923692,-734.143907779229,0.657894736842105,-694.612829357479,-697.623583141791,3.29209269508245,5.47194663545137,-42.4001108512844,6.59062716916583,,0.220547965728327,0.247197586383197,0.247197586383197,0.182753090597835,0.379606033756371,0.165798615393415,12.7104075226393,0.437540851567476,0.241733706863384,0.0660834482623587,1.31996617886292,28914.6206869914,0.41995354401678,135588.700655239,0.218770425783738,0.246886224131883,328831.549673821,0.990474019344938,0.00351127431538689,0.00351745330737951,126155.584998292,0.38123605955212,0.14476148963732,0.1563749110546,0.922018226112406,0.922018226112406,0.698260581120927,0.666653518659386,0.888417936598555,0.888417936598555,0.725746113738521,0.700010150524826,,,,-2.9311037,,,,,0.2661089,,,,,0.2
0018-dwfn-c0.4-e0.3-s3_0-bspm_estq_softdep_mvprior,bspm_estq_softdep_mvprior,0018-dwfn-c0.4-e0.3-s3_0,0018-dwfn-c0.4-e0.3-s3,0,0,448.465,362.0184,173,0,0,0,1.00786428427915,0.812493064872342,1,1,0,1,114,1508.58365932432,30.1770677250916,-754.291829662159,0.894736842105263,-734.521108313282,-736.779722238163,2.46127497252497,4.93211821148835,-42.3690990949818,6.02543218982427,,0.388367937723961,0.252291849968288,0.252291849968288,0.184195820323546,0.381133423596881,0.172216713026949,12.7858250313183,0.442437231079731,0.244843659374476,0.056027852555821,1.28708310871393,31405.9396503818,0.415150973224035,144888.502044792,0.221218615539866,0.250024908620491,351380.16088781,0.995513109521766,0.00627307321892284,0.00629283162550432,135288.826153349,0.386564300352539,0.143026506515202,0.154348317379241,0.955132286529579,0.955132286529579,0.6512854805628,0.614314724463936,0.924190273657971,0.924190273657971,0.697640824613167,0.6697653616771,,,,-2.9311037,,,,,0.2661089,,,,,0.2
0019-dwfn-c0.1-e0.5-s3_0-bspm_estq_softdep_mvprior,bspm_estq_softdep_mvprior,0019-dwfn-c0.1-e0.5-s3_0,0019-dwfn-c0.1-e0.5-s3,0,0,1049.218,983.2708,173,0,0,0,1.009922627169,0.70985479952529,1,1,0,1,114,1374.90666187714,57.6181496089016,-687.45333093857,0.535087719298246,-643.70201092889,-646.515994944284,2.56098025434172,5.65001420253647,-42.226792737572,6.68207913409811,,0.106122239893376,0.251764367695069,0.251764367695069,0.178549409859691,0.38396246492585,0.161812628574895,12.7452446364218,0.386799591441902,0.243667422603058,0.0635547588014284,1.43208672584055,28305.9972408209,0.435544338499158,148988.660350623,0.193399795720951,0.214927192910181,344883.505853795,0.998767249302115,0.00199809417253832,0.00200009302595088,135535.621337149,0.400160712908628,0.136411662122657,0.146659084521844,0.943759242786379,0.943759242786379,0.695109900006218,0.667381746158076,0.903560692925665,0.903560692925665,0.72970998763573,0.704998003048253,,,,-2.9311037,,,,,0.2661089,,,,,0.2
0020-dwfn-c0.2-e0.5-s3_0-bspm_estq_softdep_mvprior,bspm_estq_softdep_mvprior,0020-dwfn-c0.2-e0.5-s3_0,0020-dwfn-c0.2-e0.5-s3,0,0,460.055,443.9092,173,0,0.002,0,1.0100132510083,0.590981381562722,1,0.994219653179191,0,1,114,1457.015581241,51.624646649704,-728.5077906205,0.535087719298246,-689.95858625846,-693.237349095577,3.04975432529271,5.33009684791474,-44.357283693183,6.5134251662844,,0.211311166043154,0.248888489781727,0.248888489781727,0.18475617692218,0.384679179044637,0.16719388912808,12.6918886787869,0.441451973234355,0.23862726460092,0.0610179874373139,1.3111202186434,29116.239104281,0.418672459293734,135550.878187015,0.220725986617178,0.24939254522591,329893.500950248,1.00003803123163,0.00257716384793438,0.00258049045140072,127402.569460427,0.389685052650866,0.146050019194905,0.157882658270938,0.950494500174021,0.950494500174021,0.672304922081587,0.641784253394264,0.910969219419883,0.910969219419883,0.704039415618807,0.674840886558278,,,,-2.9311037,,,,,0.2661089,,,,,0.2
0021-dwfn-c0.4-e0.5-s3_0-bspm_estq_softdep_mvprior,bspm_estq_softdep_mvprior,0021-dwfn-c0.4-e0.5-s3_0,0021-dwfn-c0.4-e0.5-s3,0,0,350.852,258.096,173,0,0.001,0,1.01159441084692,0.705357228677795,1,0.994219653179191,0,1,114,1514.63915454556,36.2036427033575,-757.319577272781,0.807017543859649,-732.217516697643,-736.49423335447,3.99836555097778,4.39029348014188,-45.9997825737982,5.70427864671641,,0.413656142659573,0.242998241694831,0.242998241694831,0.194971440173942,0.386332543192676,0.178471898749719,12.7119411318476,0.504031573464836,0.236069263780379,0.0554396886241081,1.1539622720548,32246.8595963556,0.39451119965378,130485.627016308,0.252015786732418,0.290374032768543,332413.928122653,0.999922437025349,0.00418425066363176,0.00419302914937375,126634.375128839,0.388080228318834,0.157522977193043,0.171408917888435,0.986593163425452,0.986593163425452,0.624985490042916,0.588228336253915,0.946161813972786,0.946161813972786,0.663221865294349,0.627808484104494,,,,-2.9311037,,,,,0.2661089,,,,,0.2
0022-dwfn-c0.1-e0.3-s4_0-bspm_estq_softdep_mvprior,bspm_estq_softdep_mvprior,0022-dwfn-c0.1-e0.3-s4_0,0022-dwfn-c0.1-e0.3-s4,0,0,1467.144,1141.4642,167,0,0.003,0.001,1.00944811359176,0.597331615021078,1,1,0,1,114,1383.44029980446,63.4295863126235,-691.720149902229,0.447368421052632,-643.857351800974,-648.239923876555,4.41856913857709,5.42029978662577,-44.9226611757385,6.64288106689974,,0.106634833327014,0.24068643861431,0.24068643861431,0.188026819070117,0.3749922940551,0.169040832644556,12.8832717150241,0.381640312355512,0.235608201010738,0.08559753646822,1.42470336954993,29437.9084538481,0.43455302301018,172249.847820266,0.190820156177756,0.211497079220481,389313.277780298,0.972928381095119,0.00211581008688544,0.00211805157538003,159748.356995743,0.42493145798998,0.121484572931274,0.129521810964078,0.996515929227421,0.996515929227421,0.653988678887887,0.628893669424457,0.956621894808477,0.956621894808477,0.696769205845535,0.673708429229154,,,,-2.9311037,,,,,0.2661089,,,,,0.2
0023-dwfn-c0.2-e0.3-s4_0-bspm_estq_softdep_mvprior,bspm_estq_softdep_mvprior,0023-dwfn-c0.2-e0.3-s4_0,0023-dwfn-c0.2-e0.3-s4,0,0,800.023,648.71,167,0,0,0,1.00738914173387,0.7389120352594,1,1,0,1,114,1456.52287212191,49.2305609249285,-728.261436060956,0.745614035087719,-693.764936583659,-697.065291926368,3.12234078096627,5.37794746854919,-43.9528079379407,6.59808273250838,,0.212096514529228,0.248005361513153,0.248005361513153,0.184571112828615,0.380199629753641,0.165436650820564,12.7860931715817,0.394751334566362,0.239718792943282,0.0687447803573501,1.39075159351104,29251.4990917358,0.429932141694574,154190.584537893,0.197375667283181,0.219868529592113,351472.44329785,0.984652560059564,0.00342645073121395,0.00343233445873804,145473.493844244,0.417117652294741,0.131507858684677,0.140996765176012,0.971532132634517,0.971532132634517,0.656010798038834,0.629713980304526,0.933318899592132,0.933318899592132,0.6982724569083,0.671350654525203,,,,-2.9311037,,,,,0.2661089,,,,,0.2
0024-dwfn-c0.4-e0.3-s4_0-bspm_estq_softdep_mvprior,bspm_estq_softdep_mvprior,0024-dwfn-c0.4-e0.3-s4_0,0024-dwfn-c0.4-e0.3-s4,0,0,472.463,371.0888,167,0,0,0,1.00987810611048,0.778112680681637,1,1,0,1,114,1503.50419570068,27.9250495050709,-751.752097850342,0.947368421052632,-733.765387522532,-736.260033580416,2.56665206670869,5.06063355669889,-43.1816104867983,6.31522755009602,,0.377181763635822,0.251474315889501,0.251474315889501,0.183472249127302,0.380903324199933,0.16917471512844,12.7809826616222,0.42967414845285,0.243918639746745,0.0580022041819422,1.31501825623224,31262.7470038808,0.419238017631789,149841.62917965,0.214837074226425,0.241864044093254,350702.42167954,0.989637276012567,0.00642128295245681,0.00644198807738718,138839.77984753,0.404560686863418,0.136349006844401,0.146586535314468,0.959507831308106,0.959507831308106,0.644691936506701,0.612309229352509,0.924099059394116,0.924099059394116,0.699259383135211,0.672041493529549,,,,-2.9311037,,,,,0.2661089,,,,,0.2
0025-dwfn-c0.1-e0.5-s4_0-bspm_estq_softdep_mvprior,bspm_estq_softdep_mvprior,0025-dwfn-c0.1-e0.5-s4_0,0025-dwfn-c0.1-e0.5-s4,0,0,1128.618,1099.3126,167,0,0.001,0,1.00816761845835,0.626481833624386,1,1,0,1,114,1380.5545134213,60.8991581557545,-690.27725671065,0.447368421052632,-642.956767858842,-645.869499412982,2.98026587603392,5.7089132531401,-43.8308634629827,6.80576968852239,,0.105504970418121,0.249584473338032,0.249584473338032,0.177164229278988,0.384238887032061,0.158378174835796,12.7346394857014,0.39095667752612,0.241788220425638,0.065521037964371,1.44285394300974,28334.360525206,0.436981424757214,150085.400105289,0.19547833876306,0.217507395533973,339264.788936105,0.991632603690092,0.00204527314458713,0.00204736757225279,140596.84488066,0.412375652035491,0.131845917139902,0.141386065377821,0.945257190410514,0.945257190410514,0.69081691747689,0.663321275370151,0.916602369651764,0.916602369651764,0.714624863060679,0.689276505493699,,,,-2.9311037,,,,,0.2661089,,,,,0.2
0026-dwfn-c0.2-e0.5-s4_0-bspm_estq_softdep_mvprior,bspm_estq_softdep_mvprior,0026-dwfn-c0.2-e0.5-s4_0,0026-dwfn-c0.2-e0.5-s4,0,0,846.284,645.83,167,0,0.002,0,1.0105631185848,0.737291677494849,1,0.994011976047904,0,1,114,1456.1055628942,50.8415956582676,-728.0527814471,0.587719298245614,-690.560911839087,-693.419491601846,2.72983181532921,5.33705886350304,-44.0090922895408,6.4891242983702,,0.211431124464984,0.250205396464388,0.250205396464388,0.1813838299366,0.384900885630034,0.164090075304312,12.705539348269,0.428902190277876,0.241763816666336,0.0614525822940952,1.33735087011979,29041.8158647983,0.422448976536451,138372.766989269,0.214451095138938,0.241372575976651,328379.14114492,0.994600006719454,0.00260095959436257,0.00260434796834295,133224.959769255,0.399661003741713,0.142230262712071,0.153419591572321,0.955049563914428,0.955049563914428,0.677870665953325,0.647491904777194,0.918764476603035,0.918764476603035,0.710330765153886,0.682119762306493,,,,-2.9311037,,,,,0.2661089,,,,,0.2
0027-dwfn-c0.4-e0.5-s4_0-bspm_estq_softdep_mvprior,bspm_estq_softdep_mvprior,0027-dwfn-c0.4-e0.5-s4_0,0027-dwfn-c0.4-e0.5-s4,0,0,403.224,358.8138,167,0,0.001,0,1.01001084014633,0.70057516231127,1,0.994011976047904,0,1,114,1513.8950521472,35.6338807667887,-756.947526073598,0.798245614035088,-732.435879540907,-736.253060676114,3.86236124657855,4.6899610773616,-45.3337641197972,5.86235924923094,,0.413153638610756,0.243661314151631,0.243661314151631,0.19281727617225,0.38510093324077,0.176173225718235,12.7272654225182,0.47803104378954,0.238114732926716,0.0561599962261587,1.19412368118981,32130.8663831213,0.400951310936283,136487.505418979,0.23901552189477,0.272994939668268,337494.573077419,0.997286394017397,0.00425233332458641,0.00426140020728163,128969.783108738,0.391793519068508,0.15343869419455,0.166572657367805,0.993876828881987,0.993876828881987,0.623942890328078,0.58118336797006,0.958340243519645,0.958340243519645,0.666820777454997,0.633245465801704,,,,-2.9311037,,,,,0.2661089,,,,,0.2
0028-dwfn-c0.1-e0.3-s5_0-bspm_estq_softdep_mvprior,bspm_estq_softdep_mvprior,0028-dwfn-c0.1-e0.3-s5_0,0028-dwfn-c0.1-e0.3-s5,0,0,1415.343,1142.435,163,0,0,0,1.00909109051539,0.72503669618867,1,1,0,1,114,1372.65227173069,60.1970042554068,-686.326135865344,0.543859649122807,-641.042031194067,-647.765982110502,6.26951397073661,5.41380579311685,-49.8307035018984,6.81665277573552,,0.10653617625289,0.230282812572418,0.230282812572418,0.193509839894696,0.37800148008805,0.170998023208189,12.8875812256888,0.390842102065352,0.222518595354093,0.092756184217499,1.37111172516896,30223.795178205,0.427211207173991,171865.405143073,0.195421051032676,0.217436189895863,382337.036191554,0.966543022942497,0.00208431249844271,0.00208648770195995,167753.212290031,0.42993660809765,0.114356614942105,0.12144090962564,1.00802532035915,1.00802532035915,0.642508148596684,0.609653170796369,0.960677079986608,0.960677079986608,0.666425423666578,0.638634044992163,,,,-2.9311037,,,,,0.2661089,,,,,0.2
0029-dwfn-c0.2-e0.3-s5_0-bspm_estq_softdep_mvprior,bspm_estq_softdep_mvprior,0029-dwfn-c0.2-e0.3-s5_0,0029-dwfn-c0.2-e0.3-s5,0,0,702.004,533.6904,163,0,0,0,1.00857944558516,0.71347678598443,1,1,0,1,114,1463.9928581176,53.7295659732534,-731.996429058802,0.649122807017544,-693.029677248022,-697.075267549124,3.97477090613032,5.54656926020518,-45.0794527256536,6.84811901538188,,0.211728946478222,0.243058876384605,0.243058876384605,0.185594099850392,0.381771167172335,0.165564364430181,12.7940743868969,0.394458815780315,0.238024082679024,0.0716252620457919,1.42302907030437,29325.0592349496,0.43432750426534,158995.846118011,0.197229407890157,0.219686295171019,348422.016473404,0.977580654319382,0.00344762234097551,0.00345357908596624,146725.70775424,0.416321889690742,0.128090780041695,0.13706997181292,0.961238491388382,0.961238491388382,0.65433333432885,0.629967940779547,0.927724312180089,0.927724312180089,0.703899524941398,0.67518447998572,,,,-2.9311037,,,,,0.2661089,,,,,0.2
0030-dwfn-c0.4-e0.3-s5_0-bspm_estq_softdep_mvprior,bspm_estq_softdep_mvprior,0030-dwfn-c0.4-e0.3-s5_0,0030-dwfn-c0.4-e0.3-s5,0,0,262.163,247.1168,163,0,0.002,0,1.01475792649879,0.599654091481975,1,0.993865030674847,0,1,114,1501.99457343118,28.0334084366083,-750.997286715592,0.947368421052632,-733.069225388139,-736.471983006807,3.52594892194446,4.87234451985038,-43.1149484766912,6.05463163485876,,0.376137305732151,0.246789563767242,0.246789563767242,0.189122983672427,0.381643415800022,0.171774029601467,12.7111300555188,0.480177551669624,0.243339692824323,0.0562518720774765,1.17774543598625,31434.3197939278,0.398348312720812,133181.552512965,0.240088775834812,0.274553663589158,328903.680741512,0.993520841951693,0.00713104770600065,0.00715659515657509,128517.338496311,0.384950075849978,0.150893637721857,0.163570822772964,0.965641347226186,0.965641347226186,0.627896486835797,0.588540313534459,0.936225487926698,0.936225487926698,0.694683438004086,0.662821363021843,,,,-2.9311037,,,,,0.2661089,,,,,0.2
0031-dwfn-c0.1-e0.5-s5_0-bspm_estq_softdep_mvprior,bspm_estq_softdep_mvprior,0031-dwfn-c0.1-e0.5-s5_0,0031-dwfn-c0.1-e0.5-s5,0,0,1385.5,1148.2492,163,0,0,0.002,1.00912636445474,0.664649223510873,1,1,0,1,114,1369.645150949,55.7916013840587,-684.822575474499,0.543859649122807,-642.875066444197,-646.285583214781,3.14927461975004,5.72999939679887,-44.0692413099918,6.89357238578194,,0.105613490155826,0.247955169077235,0.247955169077235,0.180033724941874,0.387268217480237,0.160702137665107,12.7478298722237,0.397688153945873,0.239554817889791,0.0662753170862991,1.42657293011483,28487.1642752114,0.43480445120909,148499.32799917,0.198844076972936,0.221699705507036,340146.204889104,0.990148912399608,0.00207859202580152,0.00208075529653985,140810.94675842,0.414536481647515,0.133723237017033,0.143550841621346,0.946737177800282,0.946737177800282,0.688766227792788,0.661500721306296,0.917127051863932,0.917127051863932,0.71345336555519,0.689385115829107,,,,-2.9311037,,,,,0.2661089,,,,,0.2
0032-dwfn-c0.2-e0.5-s5_0-bspm_estq_softdep_mvprior,bspm_estq_softdep_mvprior,0032-dwfn-c0.2-e0.5-s5_0,0032-dwfn-c0.2-e0.5-s5,0,0,651.44,478.0554,163,0,0.001,0,1.00559803613047,0.739526307986358,1,1,0,1,114,1452.47654944907,49.7533742212887,-726.238274724533,0.605263157894737,-689.47466463563,-693.21624555749,3.53015009009061,5.4730226498998,-45.1441920358166,6.60834363874658,,0.210520690275342,0.245589537767522,0.245589537767522,0.183491670032071,0.387708625155847,0.165723730926403,12.7200398153865,0.430110732439293,0.239403741978195,0.0622496733777381,1.35833188793603,29147.3322998568,0.425421325187511,141972.770929829,0.215055366219646,0.241686048659911,330642.300261857,0.994719257364909,0.00258066587994155,0.00258400153843128,136026.243700819,0.412102741038876,0.134830135940932,0.144829417248871,0.977988045646691,0.977988045646691,0.660465290948427,0.629413152279559,0.938723299547995,0.938723299547995,0.686606527620213,0.659245481550262,,,,-2.9311037,,,,,0.2661089,,,,,0.2
0033-dwfn-c0.4-e0.5-s5_0-bspm_estq_softdep_mvprior,bspm_estq_softdep_mvprior,0033-dwfn-c0.4-e0.5-s5_0,0033-dwfn-c0.4-e0.5-s5,0,0,445.414,309.1678,163,0,0.002,0,1.01050524903759,0.738026566647778,1,0.993865030674847,0,1,114,1509.66440533514,34.4503475402935,-754.83220266757,0.87719298245614,-731.378315756484,-736.274296855188,4.65774292263715,4.54289861080185,-47.4555940383883,5.74694045021516,,0.409943664308916,0.238849075326831,0.238849075326831,0.194491394576624,0.386525858611444,0.178751793716302,12.6941267460638,0.507756780064454,0.233613802694272,0.0572601287732266,1.19253082448622,32313.495289804,0.400699548452464,128919.766631851,0.253878390032227,0.292867297842836,324647.09136339,0.996970134758712,0.00446267204148665,0.00447265948835029,127201.949475602,0.394142482286782,0.155068198991036,0.168499384731236,0.994854175712662,0.994854175712663,0.608433533664457,0.566999454948926,0.960597570346527,0.960597570346527,0.655167271467913,0.619852746703706,,,,-2.9311037,,,,,0.2661089,,,,,0.2
0034-dwfn-c0.1-e0.4-s5_0-bspm_estq_softdep_mvprior,bspm_estq_softdep_mvprior,0034-dwfn-c0.1-e0.4-s5_0,0034-dwfn-c0.1-e0.4-s5,0,0,1296.473,1024.784,163,0,0,0,1.01013453863228,0.710987857354888,1,0.993865030674847,0,1,114,1366.35993142636,54.4067580695531,-683.179965713179,0.526315789473684,-642.616950058782,-646.404355768173,3.30994808306807,5.79812506840124,-44.4911971882817,6.85733551474231,,0.105227095225307,0.246851686694613,0.246851686694613,0.180271491826698,0.383249201098729,0.163534531689656,12.8063484177211,0.37222026411306,0.239206443410424,0.0693270076927116,1.51694939925916,28633.0313352739,0.446606115536157,162272.914272052,0.18611013205653,0.205930240083945,363759.180803354,0.988254393175717,0.00204243413398875,0.0020445227494527,149421.105291587,0.41432692121208,0.126062425593826,0.134746334400786,0.957799148683882,0.957799148683882,0.69607727262053,0.66623973708803,0.924847350131151,0.924847350131151,0.715559895656255,0.69195446103959,,,,-2.9311037,,,,,0.2661089,,,,,0.2
