param1,param2,correlation
logK,log_r,-0.220187560556936
logK,log_shape,0.171283634248391
logK,log_x0,0
logK,log_qeff,-0.241131415768315
logK,atanh_rho,0.192530612324351
logK,log_sigma_qdev,0.201935704687694
log_r,log_shape,-0.880746153004668
log_r,log_x0,0
log_r,log_qeff,0
log_r,atanh_rho,0
log_r,log_sigma_qdev,0
log_shape,log_x0,0
log_shape,log_qeff,0
log_shape,atanh_rho,0
log_shape,log_sigma_qdev,0
log_x0,log_qeff,0
log_x0,atanh_rho,0
log_x0,log_sigma_qdev,0
log_qeff,atanh_rho,0.243242637964405
log_qeff,log_sigma_qdev,0.55946941619141
atanh_rho,log_sigma_qdev,0.147801117912636
