year,fleet,idx,se
1952,au,NA,NA
1952,dwfn,NA,NA
1952,nz,NA,NA
1952,obs,NA,NA
1952,obsNoPF,NA,NA
1952,obsPFonly,NA,NA
1953,au,NA,NA
1953,dwfn,NA,NA
1953,nz,NA,NA
1953,obs,NA,NA
1953,obsNoPF,NA,NA
1953,obsPFonly,NA,NA
1954,au,NA,NA
1954,dwfn,NA,NA
1954,nz,NA,NA
1954,obs,NA,NA
1954,obsNoPF,NA,NA
1954,obsPFonly,NA,NA
1955,au,NA,NA
1955,dwfn,NA,NA
1955,nz,NA,NA
1955,obs,NA,NA
1955,obsNoPF,NA,NA
1955,obsPFonly,NA,NA
1956,au,NA,NA
1956,dwfn,NA,NA
1956,nz,NA,NA
1956,obs,NA,NA
1956,obsNoPF,NA,NA
1956,obsPFonly,NA,NA
1957,au,NA,NA
1957,dwfn,NA,NA
1957,nz,NA,NA
1957,obs,NA,NA
1957,obsNoPF,NA,NA
1957,obsPFonly,NA,NA
1958,au,NA,NA
1958,dwfn,NA,NA
1958,nz,NA,NA
1958,obs,NA,NA
1958,obsNoPF,NA,NA
1958,obsPFonly,NA,NA
1959,au,NA,NA
1959,dwfn,NA,NA
1959,nz,NA,NA
1959,obs,NA,NA
1959,obsNoPF,NA,NA
1959,obsPFonly,NA,NA
1960,au,NA,NA
1960,dwfn,NA,NA
1960,nz,NA,NA
1960,obs,NA,NA
1960,obsNoPF,NA,NA
1960,obsPFonly,NA,NA
1961,au,NA,NA
1961,dwfn,NA,NA
1961,nz,NA,NA
1961,obs,NA,NA
1961,obsNoPF,NA,NA
1961,obsPFonly,NA,NA
1962,au,NA,NA
1962,dwfn,NA,NA
1962,nz,NA,NA
1962,obs,NA,NA
1962,obsNoPF,NA,NA
1962,obsPFonly,NA,NA
1963,au,NA,NA
1963,dwfn,NA,NA
1963,nz,NA,NA
1963,obs,NA,NA
1963,obsNoPF,NA,NA
1963,obsPFonly,NA,NA
1964,au,NA,NA
1964,dwfn,NA,NA
1964,nz,NA,NA
1964,obs,NA,NA
1964,obsNoPF,NA,NA
1964,obsPFonly,NA,NA
1965,au,NA,NA
1965,dwfn,NA,NA
1965,nz,NA,NA
1965,obs,NA,NA
1965,obsNoPF,NA,NA
1965,obsPFonly,NA,NA
1966,au,NA,NA
1966,dwfn,NA,NA
1966,nz,NA,NA
1966,obs,NA,NA
1966,obsNoPF,NA,NA
1966,obsPFonly,NA,NA
1967,au,NA,NA
1967,dwfn,NA,NA
1967,nz,NA,NA
1967,obs,NA,NA
1967,obsNoPF,NA,NA
1967,obsPFonly,NA,NA
1968,au,NA,NA
1968,dwfn,NA,NA
1968,nz,NA,NA
1968,obs,NA,NA
1968,obsNoPF,NA,NA
1968,obsPFonly,NA,NA
1969,au,NA,NA
1969,dwfn,NA,NA
1969,nz,NA,NA
1969,obs,NA,NA
1969,obsNoPF,NA,NA
1969,obsPFonly,NA,NA
1970,au,NA,NA
1970,dwfn,NA,NA
1970,nz,NA,NA
1970,obs,NA,NA
1970,obsNoPF,NA,NA
1970,obsPFonly,NA,NA
1971,au,NA,NA
1971,dwfn,NA,NA
1971,nz,NA,NA
1971,obs,NA,NA
1971,obsNoPF,NA,NA
1971,obsPFonly,NA,NA
1972,au,NA,NA
1972,dwfn,NA,NA
1972,nz,NA,NA
1972,obs,NA,NA
1972,obsNoPF,NA,NA
1972,obsPFonly,NA,NA
1973,au,NA,NA
1973,dwfn,NA,NA
1973,nz,NA,NA
1973,obs,NA,NA
1973,obsNoPF,NA,NA
1973,obsPFonly,NA,NA
1974,au,NA,NA
1974,dwfn,NA,NA
1974,nz,NA,NA
1974,obs,NA,NA
1974,obsNoPF,NA,NA
1974,obsPFonly,NA,NA
1975,au,NA,NA
1975,dwfn,NA,NA
1975,nz,0.395443496715939,2.96709044251601
1975,obs,NA,NA
1975,obsNoPF,NA,NA
1975,obsPFonly,NA,NA
1976,au,NA,NA
1976,dwfn,NA,NA
1976,nz,0.473318558729052,1.93355403631805
1976,obs,NA,NA
1976,obsNoPF,NA,NA
1976,obsPFonly,NA,NA
1977,au,NA,NA
1977,dwfn,NA,NA
1977,nz,0.84292629106992,0.730650943211424
1977,obs,NA,NA
1977,obsNoPF,NA,NA
1977,obsPFonly,NA,NA
1978,au,NA,NA
1978,dwfn,NA,NA
1978,nz,1.24802372109327,0.950909910086388
1978,obs,NA,NA
1978,obsNoPF,NA,NA
1978,obsPFonly,NA,NA
1979,au,NA,NA
1979,dwfn,1.86281,0.85437760989953
1979,nz,1.30199380539279,0.709377264980705
1979,obs,NA,NA
1979,obsNoPF,NA,NA
1979,obsPFonly,NA,NA
1980,au,NA,NA
1980,dwfn,1.31391,0.850406411179126
1980,nz,1.73044455979788,0.779075006366432
1980,obs,NA,NA
1980,obsNoPF,NA,NA
1980,obsPFonly,NA,NA
1981,au,NA,NA
1981,dwfn,1.2559,0.850916308295794
1981,nz,1.15341517468064,0.868107112774001
1981,obs,NA,NA
1981,obsNoPF,NA,NA
1981,obsPFonly,NA,NA
1982,au,NA,NA
1982,dwfn,1.50646,0.813429872036274
1982,nz,1.52872332478398,0.880036827361946
1982,obs,NA,NA
1982,obsNoPF,NA,NA
1982,obsPFonly,NA,NA
1983,au,NA,NA
1983,dwfn,0.922278,0.836987118826342
1983,nz,1.09310107706482,0.830202354600482
1983,obs,NA,NA
1983,obsNoPF,NA,NA
1983,obsPFonly,NA,NA
1984,au,NA,NA
1984,dwfn,1.32673,0.795235543155633
1984,nz,0.81846966002448,0.718838762757351
1984,obs,NA,NA
1984,obsNoPF,NA,NA
1984,obsPFonly,NA,NA
1985,au,NA,NA
1985,dwfn,0.877509,0.786849235283844
1985,nz,0.417877398877922,0.896139003702325
1985,obs,NA,NA
1985,obsNoPF,NA,NA
1985,obsPFonly,NA,NA
1986,au,NA,NA
1986,dwfn,0.855618,0.866819099546232
1986,nz,0.516899171945363,0.856530000587671
1986,obs,NA,NA
1986,obsNoPF,NA,NA
1986,obsPFonly,NA,NA
1987,au,NA,NA
1987,dwfn,0.835362,0.930166317805239
1987,nz,0.406936274462856,0.974828106329213
1987,obs,NA,NA
1987,obsNoPF,NA,NA
1987,obsPFonly,NA,NA
1988,au,NA,NA
1988,dwfn,0.736157,1.00085605454427
1988,nz,0.769280571267672,0.638210346921585
1988,obs,NA,NA
1988,obsNoPF,NA,NA
1988,obsPFonly,NA,NA
1989,au,NA,NA
1989,dwfn,1.65752,0.779014816055979
1989,nz,1.3045681876081,0.521910321455856
1989,obs,NA,NA
1989,obsNoPF,NA,NA
1989,obsPFonly,NA,NA
1990,au,NA,NA
1990,dwfn,1.13159,0.875031442519393
1990,nz,1.0931930192868,0.540304413406727
1990,obs,NA,NA
1990,obsNoPF,NA,NA
1990,obsPFonly,NA,NA
1991,au,NA,NA
1991,dwfn,1.02708,0.929326487260139
1991,nz,0.69296852702814,0.6360947325119
1991,obs,NA,NA
1991,obsNoPF,NA,NA
1991,obsPFonly,NA,NA
1992,au,NA,NA
1992,dwfn,0.558306,1.16158762329728
1992,nz,0.879795122082031,0.577033830241533
1992,obs,NA,NA
1992,obsNoPF,NA,NA
1992,obsPFonly,NA,NA
1993,au,NA,NA
1993,dwfn,0.81207,0.948666584955881
1993,nz,0.967416059624531,0.576211091304433
1993,obs,NA,NA
1993,obsNoPF,NA,NA
1993,obsPFonly,NA,NA
1994,au,NA,NA
1994,dwfn,1.12053,0.902073986071629
1994,nz,1.82100764844359,0.516621285431644
1994,obs,NA,NA
1994,obsNoPF,NA,NA
1994,obsPFonly,NA,NA
1995,au,NA,NA
1995,dwfn,1.11373,1.00592503176291
1995,nz,1.87966678606386,0.539599208603499
1995,obs,NA,NA
1995,obsNoPF,NA,NA
1995,obsPFonly,NA,NA
1996,au,NA,NA
1996,dwfn,1.1907,0.906495094012622
1996,nz,1.4514918583247,0.554232208270485
1996,obs,NA,NA
1996,obsNoPF,NA,NA
1996,obsPFonly,NA,NA
1997,au,NA,NA
1997,dwfn,1.31626,0.944473431019986
1997,nz,1.2352437522387,0.799525945660052
1997,obs,NA,NA
1997,obsNoPF,NA,NA
1997,obsPFonly,NA,NA
1998,au,1.30883349205235,1.07412097920115
1998,dwfn,1.99334,0.827311071188863
1998,nz,1.2214524189424,0.771670355932535
1998,obs,NA,NA
1998,obsNoPF,NA,NA
1998,obsPFonly,NA,NA
1999,au,1.2275668140491,1.05283101537808
1999,dwfn,1.18608,1.07194171139741
1999,nz,1.74966048419073,0.566808360594723
1999,obs,NA,NA
1999,obsNoPF,NA,NA
1999,obsPFonly,NA,NA
2000,au,1.18529439804741,0.950955052462453
2000,dwfn,0.788006,1.15947005056571
2000,nz,0.970725979615643,0.749397637563909
2000,obs,NA,NA
2000,obsNoPF,NA,NA
2000,obsPFonly,NA,NA
2001,au,1.08782508004351,0.943657754231057
2001,dwfn,0.727835,1.13656067305329
2001,nz,1.10008868593495,0.795823620443104
2001,obs,0.978711550680303,1.18844192137688
2001,obsNoPF,0.91091090253985,1.55111277016795
2001,obsPFonly,NA,NA
2002,au,0.894598401035784,0.863598109352736
2002,dwfn,0.803887,1.02471923960434
2002,nz,0.952337535220575,0.957374287449313
2002,obs,1.01616477718916,1.11467404747362
2002,obsNoPF,0.881938890368818,1.02163245853004
2002,obsPFonly,1.95307405463573,2.08112237830185
2003,au,0.932047491037282,0.860720674987794
2003,dwfn,1.3191,0.925361287329343
2003,nz,1.59961077792697,0.763501733628475
2003,obs,1.02478441796444,0.957066866292934
2003,obsNoPF,0.908906149658888,0.957247190438583
2003,obsPFonly,1.54180234392456,1.17191844276348
2004,au,0.923900053036956,0.897071480592391
2004,dwfn,1.26325,0.948954526857058
2004,nz,1.29353512097106,0.750279143567945
2004,obs,0.911240842744363,0.890426241124658
2004,obsNoPF,0.692146823369485,0.708634935066833
2004,obsPFonly,0.975362937060319,0.787181112552089
2005,au,0.902040215036082,0.878521620908521
2005,dwfn,1.04284,1.04206174036066
2005,nz,1.18063007238535,0.737644224176771
2005,obs,0.944567498272153,0.878326009033462
2005,obsNoPF,0.822723424714375,0.875675626016368
2005,obsPFonly,0.605926849946924,0.529246800773995
2006,au,0.939615254037585,0.878241282418046
2006,dwfn,0.740614,1.10279348635064
2006,nz,1.29408677430291,0.803522106211679
2006,obs,1.04499064005759,1.00898970542724
2006,obsNoPF,1.00832372319423,0.994618317605003
2006,obsPFonly,1.03213741322907,0.737344461499612
2007,au,0.973791862038952,0.990897178568408
2007,dwfn,0.829133,1.03676480913692
2007,nz,1.21391315674042,0.782777331583381
2007,obs,1.00668523439942,0.934057073384799
2007,obsNoPF,1.04265432069291,0.989374313509402
2007,obsPFonly,0.706844524343789,0.672857497194622
2008,au,1.04839236704194,1.03174886778199
2008,dwfn,1.047,1.02389140663845
2008,nz,0.642124478275777,1.07890458187232
2008,obs,1.0113768894489,0.882276223963721
2008,obsNoPF,1.10217850821547,0.888151511084914
2008,obsPFonly,0.933750574480467,0.662219660161647
2009,au,0.910107200036404,0.954799476446586
2009,dwfn,0.645173,1.13519294902269
2009,nz,1.29610950318637,0.830966326470646
2009,obs,0.983630622655746,0.856276064968777
2009,obsNoPF,0.928845625983789,0.833850735941425
2009,obsPFonly,0.961381877852238,0.750671535778112
2010,au,0.873976265034959,0.982698951764535
2010,dwfn,0.790723,1.11313539963459
2010,nz,0.818929371134356,0.866755470234481
2010,obs,0.94819499119161,0.943696608490353
2010,obsNoPF,0.836337870424194,0.97766164013078
2010,obsPFonly,0.736127169085484,0.586734146254209
2011,au,1.13875722904555,1.06347222824649
2011,dwfn,0.722675,1.13660866337015
2011,nz,0.910136055333894,0.809986483574605
2011,obs,0.947789325026349,1.03578044524582
2011,obsNoPF,0.884177202906906,1.15456721120625
2011,obsPFonly,0.853523933921082,1.24197818520707
2012,au,0.873735458034949,0.969419154178151
2012,dwfn,0.69595,1.1624394514216
2012,nz,0.872991397655856,0.910830770436247
2012,obs,1.03281822795092,1.24030515773782
2012,obsNoPF,1.14325983355358,1.65665044669602
2012,obsPFonly,0.987581415579034,1.76861062056872
2013,au,0.858366515034335,0.990629625455379
2013,dwfn,0.717588,1.18855818137422
2013,nz,0.999136126206023,0.838077141569864
2013,obs,0.926723313478597,1.00239210244058
2013,obsNoPF,0.96945457703526,1.25262075342028
2013,obsPFonly,0.944423687146147,0.839655452151994
2014,au,0.981717820039269,1.01097264901072
2014,dwfn,0.790042,1.16451503262592
2014,nz,0.809459322270896,1.07102979490294
2014,obs,1.0901604141645,1.34734723519098
2014,obsNoPF,1.48136145788159,1.50083678912081
2014,obsPFonly,1.27044779277776,1.9563905534127
2015,au,1.13392725404536,1.17864523823936
2015,dwfn,0.78514,1.1727453719679
2015,nz,0.615277349458977,1.17445983270975
2015,obs,0.977359970163126,0.922432512653634
2015,obsNoPF,0.87265769123013,0.685041850725873
2015,obsPFonly,NA,NA
2016,au,0.975200438039008,1.06172515438805
2016,dwfn,0.687733,1.13939810053781
2016,nz,0.970817921837619,1.00421163979706
2016,obs,1.03144365070031,1.03471297182065
2016,obsNoPF,0.959600173368729,0.741297456406266
2016,obsPFonly,0.947317413432603,1.00612303425449
2017,au,1.05350668204214,1.02188554625501
2017,dwfn,0.591417,1.05794053645267
2017,nz,0.574363060679951,1.19426433426708
2017,obs,0.946330222433549,0.807672107514451
2017,obsNoPF,0.746064877155921,0.6031398236712
2017,obsPFonly,0.66051013772797,0.630912465865837
2018,au,0.990565950039623,1.06438758686978
2018,dwfn,0.724244,1.11576886827244
2018,nz,0.60911722058663,1.3719759446806
2018,obs,1.01297241795364,0.896236203993844
2018,obsNoPF,0.736891436508072,0.57981265384942
2018,obsPFonly,1.98236619609334,1.90318012420934
2019,au,0.894307785035772,0.917765661490003
2019,dwfn,0.794833,1.02707676392023
2019,nz,0.741146251343218,1.26025975043586
2019,obs,1.06426942688063,1.03276223359519
2019,obsNoPF,1.11127929134302,0.933415109304866
2019,obsPFonly,0.806189728889363,0.992990052506125
2020,au,0.804673732032187,0.966291239976036
2020,dwfn,0.742562,1.08952416373805
2020,nz,0.379905261202106,2.75758584889028
2020,obs,0.903228476192471,0.80387228053404
2020,obsNoPF,0.777895750246596,0.640440786153327
2020,obsPFonly,0.484228681866057,0.561339487779487
2021,au,0.878416299035137,1.08628316249958
2021,dwfn,1.23811,1.00037015258603
2021,nz,0.583557282877485,2.38494387745108
2021,obs,1.01688773962664,0.893442614632621
2021,obsNoPF,1.08673482373376,0.926078670242595
2021,obsPFonly,0.865088848645543,0.607274524394779
2022,au,1.20883594504835,1.3086603092977
2022,dwfn,0.912191,1.15825829506492
2022,nz,0.578684345112792,2.77186624615565
2022,obs,0.991131723111647,0.836972857027327
2022,obsNoPF,1.22595344300682,0.947166087736115
2022,obsPFonly,0.505850122061241,0.387981077724517
